season,teamCSAxRank,teamId,team,teamCode,teamCSAx,goals,xGoals,GAx,eligibleForwardPlayerGames,forwardPlayerGameCoveragePct,regularSeasonFiveOnFiveXGoalsPerAttempt,playoffFiveOnFiveXGoalsPerAttempt,absoluteFiveOnFiveXGoalsPerAttemptChange
2024-25,1,13,Florida Panthers,FLA,0.4,246,259.18,-13.18,958,98.36,0.0551,0.0559,0.0008
2024-25,2,29,Columbus Blue Jackets,CBJ,0.34,267,234.92,32.08,947,97.43,0.0588,NA,NA
2024-25,3,1,New Jersey Devils,NJD,0.29,240,256.42,-16.42,941,95.63,0.0592,0.0581,0.0011
2024-25,4,5,Pittsburgh Penguins,PIT,0.29,241,233.53,7.47,899,91.45,0.0565,NA,NA
2024-25,5,18,Nashville Predators,NSH,0.21,212,241.5,-29.5,940,96.41,0.0564,NA,NA
2024-25,6,23,Vancouver Canucks,VAN,0.18,233,219.69,13.31,875,89.19,0.0577,NA,NA
2024-25,7,4,Philadelphia Flyers,PHI,0.18,232,223.57,8.43,882,89.73,0.0595,NA,NA
2024-25,8,30,Minnesota Wild,MIN,0.15,224,220.47,3.53,912,92.97,0.0531,0.0563,0.0033
2024-25,9,22,Edmonton Oilers,EDM,0.14,259,275.56,-16.56,928,95.18,0.0619,0.0571,0.0047
2024-25,10,20,Calgary Flames,CGY,0.13,220,219.92,0.08,880,89.43,0.0503,NA,NA
2024-25,11,2,New York Islanders,NYI,0.11,221,230.26,-9.26,945,96.43,0.0549,NA,NA
2024-25,12,21,Colorado Avalanche,COL,0.08,273,265.61,7.39,884,90.11,0.0591,0.0567,0.0024
2024-25,13,3,New York Rangers,NYR,0.06,255,237.12,17.88,940,95.53,0.0578,NA,NA
2024-25,14,16,Chicago Blackhawks,CHI,0.06,224,191.8,32.2,947,96.24,0.0590,NA,NA
2024-25,15,9,Ottawa Senators,OTT,0.02,242,229.81,12.19,929,94.89,0.0541,0.0475,0.0066
2024-25,16,14,Tampa Bay Lightning,TBL,-0,292,263.11,28.89,945,99.16,0.0612,0.0570,0.0042
2024-25,17,6,Boston Bruins,BOS,-0.01,222,227.92,-5.92,903,91.77,0.0588,NA,NA
2024-25,18,10,Toronto Maple Leafs,TOR,-0.01,267,240.13,26.87,895,90.96,0.0569,0.0490,0.0079
2024-25,19,28,San Jose Sharks,SJS,-0.05,208,202.33,5.67,925,94,0.0546,NA,NA
2024-25,20,19,St. Louis Blues,STL,-0.06,250,218.3,31.7,975,99.09,0.0590,0.0575,0.0015
2024-25,21,52,Winnipeg Jets,WPG,-0.09,275,239.97,35.03,960,97.56,0.0580,0.0482,0.0098
2024-25,22,15,Washington Capitals,WSH,-0.1,286,261.05,24.95,900,91.46,0.0621,0.0641,0.0020
2024-25,23,8,Montréal Canadiens,MTL,-0.16,243,244.13,-1.13,904,91.96,0.0651,0.0591,0.0061
2024-25,24,26,Los Angeles Kings,LAK,-0.19,249,237.48,11.52,901,94.05,0.0544,0.0547,0.0003
2024-25,25,12,Carolina Hurricanes,CAR,-0.24,266,285.6,-19.6,951,97.34,0.0593,0.0515,0.0078
2024-25,26,54,Vegas Golden Knights,VGK,-0.25,274,257.18,16.82,933,95.11,0.0602,0.0547,0.0054
2024-25,27,24,Anaheim Ducks,ANA,-0.25,217,226.23,-9.23,961,97.76,0.0552,NA,NA
2024-25,28,7,Buffalo Sabres,BUF,-0.3,265,230.39,34.61,913,93.74,0.0554,NA,NA
2024-25,29,59,Utah Hockey Club,UTA,-0.34,240,255.16,-15.16,941,95.92,0.0591,NA,NA
2024-25,30,17,Detroit Red Wings,DET,-0.39,235,240.63,-5.63,960,97.66,0.0576,NA,NA
2024-25,31,55,Seattle Kraken,SEA,-0.39,245,218.2,26.8,903,91.77,0.0540,NA,NA
2024-25,32,25,Dallas Stars,DAL,-0.46,275,263.8,11.2,962,98.26,0.0642,0.0616,0.0025
