specification,model,referencePopulation,eventScope,intervalMethod,label,outcome,sampleSize,players,scale,term,estimate,stdError,statistic,pValue,confLow,confHigh,effect,effectLow,effectHigh,CSAx,probability,CSAxLow,CSAxHigh,indicator,n,positiveReports,absentReports,spearman,contrastStatus,cohortStatus
A3Z physicality,Defensemen,Defensemen,A3Z tracked games; five on five,Player-clustered HC1; conditional on estimated scores and tracked sample,Primary application,Next-season continuation,829,296,odds ratio,CSAx,0.28,0.12,Odds ratio per CSAx SD,0.02,0.04,0.52,1.32,1.04,1.68,NA,NA,NA,NA,NA,NA,NA,NA,NA,NA,NA
A3Z physicality,Forwards,Forwards,A3Z tracked games; five on five,Player-clustered HC1; conditional on estimated scores and tracked sample,Primary application,Next-season continuation,1485,529,odds ratio,CSAx,0.2,0.1,Odds ratio per CSAx SD,0.05,0,0.4,1.22,1,1.48,NA,NA,NA,NA,NA,NA,NA,NA,NA,NA,NA
A3Z physicality,Defensemen,Defensemen,A3Z tracked games; five on five,Player-clustered HC1; conditional on estimated scores and tracked sample,NA,Next-season continuation,NA,NA,percentage points,NA,NA,0.01,Adjusted continuation probability (%),NA,0.83,0.89,86.35,83.44,89.25,-1,0.86,NA,NA,NA,NA,NA,NA,NA,NA,NA
A3Z physicality,Defensemen,Defensemen,A3Z tracked games; five on five,Player-clustered HC1; conditional on estimated scores and tracked sample,NA,Next-season continuation,NA,NA,percentage points,NA,NA,0.01,Adjusted continuation probability (%),NA,0.87,0.91,88.6,86.63,90.58,0,0.89,NA,NA,NA,NA,NA,NA,NA,NA,NA
A3Z physicality,Defensemen,Defensemen,A3Z tracked games; five on five,Player-clustered HC1; conditional on estimated scores and tracked sample,NA,Next-season continuation,NA,NA,percentage points,NA,NA,0.01,Adjusted continuation probability (%),NA,0.88,0.93,90.58,88.14,93.02,1,0.91,NA,NA,NA,NA,NA,NA,NA,NA,NA
A3Z physicality,Forwards,Forwards,A3Z tracked games; five on five,Player-clustered HC1; conditional on estimated scores and tracked sample,NA,Next-season continuation,NA,NA,percentage points,NA,NA,0.01,Adjusted continuation probability (%),NA,0.86,0.9,88.01,85.62,90.4,-1,0.88,NA,NA,NA,NA,NA,NA,NA,NA,NA
A3Z physicality,Forwards,Forwards,A3Z tracked games; five on five,Player-clustered HC1; conditional on estimated scores and tracked sample,NA,Next-season continuation,NA,NA,percentage points,NA,NA,0.01,Adjusted continuation probability (%),NA,0.88,0.91,89.55,88.11,90.99,0,0.9,NA,NA,NA,NA,NA,NA,NA,NA,NA
A3Z physicality,Forwards,Forwards,A3Z tracked games; five on five,Player-clustered HC1; conditional on estimated scores and tracked sample,NA,Next-season continuation,NA,NA,percentage points,NA,NA,0.01,Adjusted continuation probability (%),NA,0.89,0.93,90.93,89.26,92.61,1,0.91,NA,NA,NA,NA,NA,NA,NA,NA,NA
A3Z physicality,Defensemen,Defensemen,A3Z tracked games; five on five,Player-clustered HC1; conditional on estimated scores and tracked sample,NA,Next-season continuation,NA,NA,percentage points,NA,0.04,0.02,Probability difference: CSAx +1 minus -1,NA,0.01,0.08,4.23,0.6,7.86,NA,NA,-1,1,NA,NA,NA,NA,NA,NA,NA
A3Z physicality,Forwards,Forwards,A3Z tracked games; five on five,Player-clustered HC1; conditional on estimated scores and tracked sample,NA,Next-season continuation,NA,NA,percentage points,NA,0.03,0.01,Probability difference: CSAx +1 minus -1,NA,0,0.06,2.92,0.03,5.81,NA,NA,-1,1,NA,NA,NA,NA,NA,NA,NA
A3Z physicality,Forwards,Forwards,A3Z tracked games; five on five,Player-clustered HC1; conditional on estimated scores and observed scouting cohort,NA,Scouting physicality description,NA,NA,CSAx units,activePhysicalEngagement,0.61,0.17,Mean CSAx difference: mention minus no mention,0,0.28,0.94,0.61,0.28,0.94,NA,NA,NA,NA,activePhysicalEngagement,39,15,24,0.49,Available,Awaiting human ratings
A3Z physicality,Forwards,Forwards,A3Z tracked games; five on five,Player-clustered HC1; conditional on estimated scores and observed scouting cohort,NA,Scouting physicality description,NA,NA,CSAx units,interiorPlay,0.14,0.2,Mean CSAx difference: mention minus no mention,0.47,-0.25,0.54,0.14,-0.25,0.54,NA,NA,NA,NA,interiorPlay,39,15,24,0.14,Available,Awaiting human ratings
A3Z physicality,Defensemen,Defensemen,A3Z tracked games; five on five,Player-clustered HC1; conditional on estimated scores and observed scouting cohort,NA,Scouting physicality description,NA,NA,CSAx units,activePhysicalEngagement,NA,NA,Mean CSAx difference: mention minus no mention,NA,NA,NA,NA,NA,NA,NA,NA,NA,NA,activePhysicalEngagement,0,0,0,NA,No eligible coded players,Awaiting human ratings
A3Z physicality,Defensemen,Defensemen,A3Z tracked games; five on five,Player-clustered HC1; conditional on estimated scores and observed scouting cohort,NA,Scouting physicality description,NA,NA,CSAx units,interiorPlay,NA,NA,Mean CSAx difference: mention minus no mention,NA,NA,NA,NA,NA,NA,NA,NA,NA,NA,interiorPlay,0,0,0,NA,No eligible coded players,Awaiting human ratings
