seasonId,sample,statistic,confLow,confHigh,replicates,n,players,estimate,model,referencePopulation,intervalMethod
20212022,All centers,meanAbsolutePercentileDifference,18.41286002521225,35.03652580047034,499,222,222,25.40023398709006,Wings versus Defensemen,Wings and Defensemen separately,499 shared full-pipeline player bootstrap; percentile interval
20212022,All centers,meanPercentileDifference,2.9391309552305978,32.279371972876284,499,222,222,22.890757542590336,Wings versus Defensemen,Wings and Defensemen separately,499 shared full-pipeline player bootstrap; percentile interval
20212022,All centers,medianPercentileDifference,1.4004400593475008,31.492081976041106,499,222,222,20.57112830455344,Wings versus Defensemen,Wings and Defensemen separately,499 shared full-pipeline player bootstrap; percentile interval
20212022,All centers,spearman,0.40506009994705505,0.7852553369568934,499,222,222,0.7376399185948117,Wings versus Defensemen,Wings and Defensemen separately,499 shared full-pipeline player bootstrap; percentile interval
20212022,Within observed ranges,meanAbsolutePercentileDifference,15.830882872786475,33.757752208691876,499,105,105,21.6136065761897,Wings versus Defensemen,Wings and Defensemen separately,499 shared full-pipeline player bootstrap; percentile interval
20212022,Within observed ranges,meanPercentileDifference,-1.932419914053956,31.127456727962645,499,105,105,18.42698122210344,Wings versus Defensemen,Wings and Defensemen separately,499 shared full-pipeline player bootstrap; percentile interval
20212022,Within observed ranges,medianPercentileDifference,-1.8607941887760258,33.241409771577565,499,105,105,15.555636086901373,Wings versus Defensemen,Wings and Defensemen separately,499 shared full-pipeline player bootstrap; percentile interval
20212022,Within observed ranges,spearman,0.31367396528983293,0.8069115432585,499,105,105,0.7386792452830188,Wings versus Defensemen,Wings and Defensemen separately,499 shared full-pipeline player bootstrap; percentile interval
20222023,All centers,meanAbsolutePercentileDifference,20.06781718097902,39.35039748499172,499,216,216,29.316699840351642,Wings versus Defensemen,Wings and Defensemen separately,499 shared full-pipeline player bootstrap; percentile interval
20222023,All centers,meanPercentileDifference,11.051853090807304,37.88660940279942,499,216,216,28.241181328744307,Wings versus Defensemen,Wings and Defensemen separately,499 shared full-pipeline player bootstrap; percentile interval
20222023,All centers,medianPercentileDifference,9.016528287793058,38.93620868749821,499,216,216,26.55626049636126,Wings versus Defensemen,Wings and Defensemen separately,499 shared full-pipeline player bootstrap; percentile interval
20222023,All centers,spearman,0.25458668456723627,0.788129134932048,499,216,216,0.7057288131556698,Wings versus Defensemen,Wings and Defensemen separately,499 shared full-pipeline player bootstrap; percentile interval
20222023,Within observed ranges,meanAbsolutePercentileDifference,19.659786385576314,41.23196540767766,499,150,150,30.51477265659016,Wings versus Defensemen,Wings and Defensemen separately,499 shared full-pipeline player bootstrap; percentile interval
20222023,Within observed ranges,meanPercentileDifference,9.845588306712028,39.97858779103063,499,150,150,29.503539217515705,Wings versus Defensemen,Wings and Defensemen separately,499 shared full-pipeline player bootstrap; percentile interval
20222023,Within observed ranges,medianPercentileDifference,8.076154279441205,42.51786487067247,499,150,150,27.954842321328606,Wings versus Defensemen,Wings and Defensemen separately,499 shared full-pipeline player bootstrap; percentile interval
20222023,Within observed ranges,spearman,0.15820271312087208,0.7621107803646188,499,150,150,0.6924556646962088,Wings versus Defensemen,Wings and Defensemen separately,499 shared full-pipeline player bootstrap; percentile interval
20232024,All centers,meanAbsolutePercentileDifference,21.140140012433534,38.105753004679435,499,209,209,27.347443638870896,Wings versus Defensemen,Wings and Defensemen separately,499 shared full-pipeline player bootstrap; percentile interval
20232024,All centers,meanPercentileDifference,14.51254504689938,36.802822858152176,499,209,209,25.618854599778526,Wings versus Defensemen,Wings and Defensemen separately,499 shared full-pipeline player bootstrap; percentile interval
20232024,All centers,medianPercentileDifference,10.815029841531182,36.32030963264489,499,209,209,22.641048034934496,Wings versus Defensemen,Wings and Defensemen separately,499 shared full-pipeline player bootstrap; percentile interval
20232024,All centers,spearman,0.40205569200256974,0.8012600598427722,499,209,209,0.7075398285924601,Wings versus Defensemen,Wings and Defensemen separately,499 shared full-pipeline player bootstrap; percentile interval
20232024,Within observed ranges,meanAbsolutePercentileDifference,18.81128721341821,40.88517644973025,499,120,120,27.134119359534207,Wings versus Defensemen,Wings and Defensemen separately,499 shared full-pipeline player bootstrap; percentile interval
20232024,Within observed ranges,meanPercentileDifference,12.885449690005395,40.200730570052954,499,120,120,26.31656477438137,Wings versus Defensemen,Wings and Defensemen separately,499 shared full-pipeline player bootstrap; percentile interval
20232024,Within observed ranges,medianPercentileDifference,9.035975353007434,40.62836461093298,499,120,120,24.698689956331883,Wings versus Defensemen,Wings and Defensemen separately,499 shared full-pipeline player bootstrap; percentile interval
20232024,Within observed ranges,spearman,0.4101685895568236,0.8317343988699737,499,120,120,0.7521772345301756,Wings versus Defensemen,Wings and Defensemen separately,499 shared full-pipeline player bootstrap; percentile interval
20242025,All centers,meanAbsolutePercentileDifference,18.45830819373247,32.83128374335428,499,208,208,19.31223489625129,Wings versus Defensemen,Wings and Defensemen separately,499 shared full-pipeline player bootstrap; percentile interval
20242025,All centers,meanPercentileDifference,-8.44863565565768,26.631413081935225,499,208,208,8.118264931789522,Wings versus Defensemen,Wings and Defensemen separately,499 shared full-pipeline player bootstrap; percentile interval
20242025,All centers,medianPercentileDifference,-7.6345994321363655,26.106533106851515,499,208,208,4.526825633383012,Wings versus Defensemen,Wings and Defensemen separately,499 shared full-pipeline player bootstrap; percentile interval
20242025,All centers,spearman,0.24180919249106275,0.73729163515246,499,208,208,0.6612045467880708,Wings versus Defensemen,Wings and Defensemen separately,499 shared full-pipeline player bootstrap; percentile interval
20242025,Within observed ranges,meanAbsolutePercentileDifference,16.789909852004335,32.29699906207774,499,92,92,18.73623080412104,Wings versus Defensemen,Wings and Defensemen separately,499 shared full-pipeline player bootstrap; percentile interval
20242025,Within observed ranges,meanPercentileDifference,-13.715199155456235,24.051090228290953,499,92,92,-1.496873582582778,Wings versus Defensemen,Wings and Defensemen separately,499 shared full-pipeline player bootstrap; percentile interval
20242025,Within observed ranges,medianPercentileDifference,-14.104955960424707,25.0761831499189,499,92,92,-2.8204172876303986,Wings versus Defensemen,Wings and Defensemen separately,499 shared full-pipeline player bootstrap; percentile interval
20242025,Within observed ranges,spearman,0.13385794957746294,0.7305989690741814,499,92,92,0.6194380654408704,Wings versus Defensemen,Wings and Defensemen separately,499 shared full-pipeline player bootstrap; percentile interval
