model,referencePopulation,label,outcome,sampleSize,players,term,scale,effect,effectLow,effectHigh,pValue,intervalMethod,scoreCaution
Defensemen,Defensemen,Primary,Next-season continuation,968,343,CSAx,odds ratio,1.0482979314582934,0.8221326678666865,1.3214735525863661,NA,499 full-pipeline player bootstrap; percentile interval,
Forwards,Forwards,Primary,Next-season continuation,1763,613,CSAx,odds ratio,1.248790215803467,1.0166766392859654,1.4764677857250685,NA,499 full-pipeline player bootstrap; percentile interval,
Defensemen,Defensemen,Supporting,Any next-season appearance,968,343,CSAx,odds ratio,1.0108803933484385,0.7794313660143914,1.3110572838268684,0.9349862124465385,Player-clustered HC1; conditional on estimated scores,
Defensemen,Defensemen,Supporting,Next-season games dressed,968,343,CSAx,linear,0.9859102612283208,-0.557665135336789,2.5294856577934306,0.21061892079735253,Player-clustered HC1; conditional on estimated scores,
Defensemen,Defensemen,Supporting,Next-season TOI per game among returners,897,314,CSAx,linear,-0.15494874952065757,-0.29260491131942434,-0.017292587721890823,0.027371552868029052,Player-clustered HC1; conditional on estimated scores,
Defensemen,Defensemen,Supporting,Prior-season role,968,343,CSAx,odds ratio,1.0368459596775774,0.8399929341229384,1.2798316514676493,0.7362444144021778,Player-clustered HC1; conditional on estimated scores,
Defensemen,Defensemen,Supporting,Current role among prior participants,905,318,CSAx,odds ratio,1.090819271643409,0.8812841214384125,1.3501737458364176,0.4244326145589273,Player-clustered HC1; conditional on estimated scores,
Defensemen,Defensemen,Supporting,Prior role among prior participants,905,318,CSAx,odds ratio,1.1274555233284311,0.9025901034377242,1.4083424494045453,0.29052373685763744,Player-clustered HC1; conditional on estimated scores,
Defensemen,Defensemen,Supporting,CSAx by listed-size interaction,968,343,CSAxListedSize,odds ratio,0.8676030514331968,0.7105919624862728,1.0593070208991222,0.16322152187434819,Player-clustered HC1; conditional on estimated scores,
Defensemen,Defensemen,Supporting,CSAx by ice-time interaction,968,343,CSAxToi,odds ratio,1.0121543839959617,0.8132214695262622,1.2597509232497714,0.9138340551376237,Player-clustered HC1; conditional on estimated scores,
Defensemen,Defensemen,0-2 prior seasons,Continuation: 0-2 prior seasons,968,343,CSAx,odds ratio,0.8602021012577695,0.5592924982466434,1.3230065794338102,0.4929658584723959,Player-clustered HC1; conditional on estimated scores,
Defensemen,Defensemen,3-6 prior seasons,Continuation: 3-6 prior seasons,968,343,CSAx,odds ratio,1.134636915386881,0.8398327923060823,1.5329252936451836,0.4105905686654554,Player-clustered HC1; conditional on estimated scores,
Defensemen,Defensemen,7+ prior seasons,Continuation: 7+ prior seasons,968,343,CSAx,odds ratio,1.185900281363753,0.859416695519096,1.636411632065367,0.2993590251102534,Player-clustered HC1; conditional on estimated scores,
Forwards,Forwards,Supporting,Any next-season appearance,1763,613,CSAx,odds ratio,1.514258081776196,1.2189753661151586,1.8810696277909054,1.77459367407146e-4,Player-clustered HC1; conditional on estimated scores,
Forwards,Forwards,Supporting,Next-season games dressed,1763,613,CSAx,linear,2.0286852208741,0.8617063676341974,3.1956640741140028,6.562897206355921e-4,Player-clustered HC1; conditional on estimated scores,
Forwards,Forwards,Supporting,Next-season TOI per game among returners,1624,553,CSAx,linear,-0.13779775413779327,-0.22011197043493924,-0.055483537840647315,0.0010341438898417215,Player-clustered HC1; conditional on estimated scores,
Forwards,Forwards,Supporting,Prior-season role,1763,613,CSAx,odds ratio,1.117756985700063,0.9519702673192738,1.3124156520135006,0.17412740522953404,Player-clustered HC1; conditional on estimated scores,
Forwards,Forwards,Supporting,Current role among prior participants,1664,574,CSAx,odds ratio,1.2470692070635783,1.0608440930727436,1.4659850748676797,0.0074562083347256185,Player-clustered HC1; conditional on estimated scores,
Forwards,Forwards,Supporting,Prior role among prior participants,1664,574,CSAx,odds ratio,1.212227158264239,1.021661714164309,1.4383378204941333,0.02741528525124755,Player-clustered HC1; conditional on estimated scores,
Forwards,Forwards,Supporting,CSAx by listed-size interaction,1763,613,CSAxListedSize,odds ratio,1.010670057229208,0.8873690896048607,1.1511038377892304,0.8729725279811499,Player-clustered HC1; conditional on estimated scores,
Forwards,Forwards,Supporting,CSAx by ice-time interaction,1763,613,CSAxToi,odds ratio,1.1002774430066342,0.91302239198894,1.3259373069175309,0.3153906782458026,Player-clustered HC1; conditional on estimated scores,
Forwards,Forwards,0-2 prior seasons,Continuation: 0-2 prior seasons,1763,613,CSAx,odds ratio,0.8546980131352108,0.6626573056590787,1.102392877010106,0.22658810186948622,Player-clustered HC1; conditional on estimated scores,
Forwards,Forwards,3-6 prior seasons,Continuation: 3-6 prior seasons,1763,613,CSAx,odds ratio,1.3320021692139974,1.0275625563334818,1.7266391888797001,0.030362612276644732,Player-clustered HC1; conditional on estimated scores,
Forwards,Forwards,7+ prior seasons,Continuation: 7+ prior seasons,1763,613,CSAx,odds ratio,1.5973657404765793,1.2579110406237692,2.028424289513368,1.2184096923734803e-4,Player-clustered HC1; conditional on estimated scores,
Defensemen,Defensemen,Supporting,External-contract duration,105,84,CSAx,linear,0.10051121271042956,-0.13688417885603085,0.33790660427689,0.4066336222721709,Player-clustered HC1; conditional on estimated scores,
Defensemen,Defensemen,Supporting,Cap-adjusted contract AAV,105,84,CSAx,percent,3.672300340319712,-5.569922690360974,13.819094128352983,0.44904635412621113,Player-clustered HC1; conditional on estimated scores,
Forwards,Forwards,Supporting,External-contract duration,183,152,CSAx,linear,0.3197050501286269,0.08166475839154874,0.557745341865705,0.008479119171925172,Player-clustered HC1; conditional on estimated scores,
Forwards,Forwards,Supporting,Cap-adjusted contract AAV,183,152,CSAx,percent,6.812182620887786,-1.1842928024577537,15.455757791931713,0.09693625310443026,Player-clustered HC1; conditional on estimated scores,
Defensemen,Defensemen,Exploratory,Playoff dressing share,480,224,CSAx,linear,0.02111096856840083,-0.0049162089066309145,0.047138146043432576,0.11189088518929381,Player-clustered HC1; conditional on estimated scores,
Defensemen,Defensemen,Exploratory,Playoff minutes per team game,480,224,CSAx,linear,0.39536171197418407,-0.060687308750429936,0.8514107326987981,0.08929132814379062,Player-clustered HC1; conditional on estimated scores,
Forwards,Forwards,Exploratory,Playoff dressing share,897,420,CSAx,linear,0.03344801192081715,0.012574191457946488,0.05432183238368782,0.0016858619318683027,Player-clustered HC1; conditional on estimated scores,
Forwards,Forwards,Exploratory,Playoff minutes per team game,897,420,CSAx,linear,0.36983705022503816,0.06326198878348704,0.6764121116665893,0.018059107555405202,Player-clustered HC1; conditional on estimated scores,
Defensemen,Defensemen,Sensitivity,Direct only,968,343,CSAx,odds ratio,0.9959040723387286,0.8132071645587637,1.2196460687099524,0.9683379895895394,Player-clustered HC1; conditional on estimated scores,
Forwards,Forwards,Sensitivity,Direct only,1763,613,CSAx,odds ratio,1.239170188070113,1.0655285227732783,1.4411090103952569,0.00536982874315048,Player-clustered HC1; conditional on estimated scores,
Defensemen,Defensemen,Sensitivity,Indirect only,968,343,CSAx,odds ratio,1.0759534530883663,0.894150513052973,1.294721432591958,0.4382119711402489,Player-clustered HC1; conditional on estimated scores,Unstable residual calibration; standalone reconstruction is unsuitable
Forwards,Forwards,Sensitivity,Indirect only,1763,613,CSAx,odds ratio,1.0801462395757209,0.9190095625667266,1.2695361902557556,0.3496219979184089,Player-clustered HC1; conditional on estimated scores,
Forwards,Forwards,Sensitivity,Rebound addition,1763,613,CSAx,odds ratio,1.2405518874460353,1.0654512256813147,1.4444293162850412,0.0054929729057593,Player-clustered HC1; conditional on estimated scores,
Defensemen,Defensemen,Sensitivity,500 minutes,885,319,CSAx,odds ratio,1.0868322640578942,0.8969893310660911,1.3168544254515508,0.39526985187579433,Player-clustered HC1; conditional on estimated scores,
Forwards,Forwards,Sensitivity,500 minutes,1583,554,CSAx,odds ratio,1.4050205417534516,1.141971326970159,1.7286622493287414,0.0013037189460183602,Player-clustered HC1; conditional on estimated scores,
Defensemen,Defensemen,Sensitivity,Away games,968,343,CSAx,odds ratio,1.0059178452101478,0.8331532367865582,1.2145073278656102,0.9510639848523885,Player-clustered HC1; conditional on estimated scores,
Forwards,Forwards,Sensitivity,Away games,1763,613,CSAx,odds ratio,1.2880318299662528,1.113382168043815,1.4900777492431745,6.625668961689242e-4,Player-clustered HC1; conditional on estimated scores,
Defensemen,Defensemen,Sensitivity,Five on five,968,343,CSAx,odds ratio,1.063492687597922,0.8734328280431541,1.294909763247839,0.5399992270295131,Player-clustered HC1; conditional on estimated scores,
Forwards,Forwards,Sensitivity,Five on five,1763,613,CSAx,odds ratio,1.2487512365025328,1.0708452085431042,1.456213875008281,0.004613765724877352,Player-clustered HC1; conditional on estimated scores,
